﻿Station,Year,Month,Day,Daily Rainfall Total (mm),Highest 30 min Rainfall (mm),Highest 60 min Rainfall (mm),Highest 120 min Rainfall (mm),Mean Temperature (°C),Maximum Temperature (°C),Minimum Temperature (°C),Mean Wind Speed (km/h),Max Wind Speed (km/h)
Upper Peirce Reservoir,2020,6,1,     8.6,     5.6,-,-,-,-,-,-,-
Upper Peirce Reservoir,2020,6,2,     0.2,     0.2,-,-,-,-,-,-,-
Upper Peirce Reservoir,2020,6,3,     0.0,     0.0,     0.0,     0.0,-,-,-,-,-
Upper Peirce Reservoir,2020,6,4,     5.6,     3.4,     3.8,     3.8,-,-,-,-,-
Upper Peirce Reservoir,2020,6,5,     3.4,-,-,-,-,-,-,-,-
Upper Peirce Reservoir,2020,6,6,     3.6,-,-,-,-,-,-,-,-
Upper Peirce Reservoir,2020,6,7,     0.0,     0.0,     0.0,     0.0,-,-,-,-,-
Upper Peirce Reservoir,2020,6,8,     6.0,     6.0,     6.0,     6.0,-,-,-,-,-
Upper Peirce Reservoir,2020,6,9,     0.0,     0.0,     0.0,     0.0,-,-,-,-,-
Upper Peirce Reservoir,2020,6,10,    14.8,    14.6,    14.6,    14.8,-,-,-,-,-
Upper Peirce Reservoir,2020,6,11,     4.8,     4.6,     4.8,     4.8,-,-,-,-,-
Upper Peirce Reservoir,2020,6,12,     0.4,     0.4,     0.4,     0.4,-,-,-,-,-
Upper Peirce Reservoir,2020,6,13,    17.0,     8.2,     9.6,    10.2,-,-,-,-,-
Upper Peirce Reservoir,2020,6,14,    21.4,    15.0,    21.2,    21.2,-,-,-,-,-
Upper Peirce Reservoir,2020,6,15,     0.0,     0.0,     0.0,     0.0,-,-,-,-,-
Upper Peirce Reservoir,2020,6,16,     1.4,     1.0,     1.4,     1.4,-,-,-,-,-
Upper Peirce Reservoir,2020,6,17,    19.8,     4.6,     8.8,    14.0,-,-,-,-,-
Upper Peirce Reservoir,2020,6,18,     0.2,     0.2,     0.2,     0.2,-,-,-,-,-
Upper Peirce Reservoir,2020,6,19,     3.0,     1.0,     1.8,     2.6,-,-,-,-,-
Upper Peirce Reservoir,2020,6,20,    21.8,    10.2,    12.8,    14.0,-,-,-,-,-
Upper Peirce Reservoir,2020,6,21,    18.0,     7.8,    14.2,    16.0,-,-,-,-,-
Upper Peirce Reservoir,2020,6,22,     8.2,     7.4,     7.4,     7.4,-,-,-,-,-
Upper Peirce Reservoir,2020,6,23,-,-,-,-,-,-,-,-,-
Upper Peirce Reservoir,2020,6,24,-,-,-,-,-,-,-,-,-
Upper Peirce Reservoir,2020,6,25,     0.0,     0.0,     0.0,     0.0,-,-,-,-,-
Upper Peirce Reservoir,2020,6,26,     0.0,     0.0,     0.0,     0.0,-,-,-,-,-
Upper Peirce Reservoir,2020,6,27,     1.8,     1.8,     1.8,     1.8,-,-,-,-,-
Upper Peirce Reservoir,2020,6,28,     2.0,     1.6,     2.0,     2.0,-,-,-,-,-
Upper Peirce Reservoir,2020,6,29,     2.6,     2.4,     2.4,     2.4,-,-,-,-,-
Upper Peirce Reservoir,2020,6,30,     0.0,     0.0,     0.0,     0.0,-,-,-,-,-