﻿Station,Year,Month,Day,Daily Rainfall Total (mm),Highest 30 min Rainfall (mm),Highest 60 min Rainfall (mm),Highest 120 min Rainfall (mm),Mean Temperature (°C),Maximum Temperature (°C),Minimum Temperature (°C),Mean Wind Speed (km/h),Max Wind Speed (km/h)
Upper Peirce Reservoir,2020,8,1,-,-,-,-,-,-,-,-,-
Upper Peirce Reservoir,2020,8,2,-,-,-,-,-,-,-,-,-
Upper Peirce Reservoir,2020,8,3,-,-,-,-,-,-,-,-,-
Upper Peirce Reservoir,2020,8,4,-,-,-,-,-,-,-,-,-
Upper Peirce Reservoir,2020,8,5,-,-,-,-,-,-,-,-,-
Upper Peirce Reservoir,2020,8,6,-,-,-,-,-,-,-,-,-
Upper Peirce Reservoir,2020,8,7,-,-,-,-,-,-,-,-,-
Upper Peirce Reservoir,2020,8,8,-,-,-,-,-,-,-,-,-
Upper Peirce Reservoir,2020,8,9,-,-,-,-,-,-,-,-,-
Upper Peirce Reservoir,2020,8,10,-,-,-,-,-,-,-,-,-
Upper Peirce Reservoir,2020,8,11,-,-,-,-,-,-,-,-,-
Upper Peirce Reservoir,2020,8,12,-,-,-,-,-,-,-,-,-
Upper Peirce Reservoir,2020,8,13,-,-,-,-,-,-,-,-,-
Upper Peirce Reservoir,2020,8,14,-,-,-,-,-,-,-,-,-
Upper Peirce Reservoir,2020,8,15,-,-,-,-,-,-,-,-,-
Upper Peirce Reservoir,2020,8,16,-,-,-,-,-,-,-,-,-
Upper Peirce Reservoir,2020,8,17,-,-,-,-,-,-,-,-,-
Upper Peirce Reservoir,2020,8,18,     7.4,     7.0,     7.0,     7.2,-,-,-,-,-
Upper Peirce Reservoir,2020,8,19,     0.8,     0.6,     0.6,     0.6,-,-,-,-,-
Upper Peirce Reservoir,2020,8,20,     0.2,     0.2,     0.2,     0.4,-,-,-,-,-
Upper Peirce Reservoir,2020,8,21,     0.0,     0.0,     0.0,     0.0,-,-,-,-,-
Upper Peirce Reservoir,2020,8,22,    11.8,    10.2,    11.2,    11.6,-,-,-,-,-
Upper Peirce Reservoir,2020,8,23,    11.2,     3.0,     5.8,     9.8,-,-,-,-,-
Upper Peirce Reservoir,2020,8,24,     0.0,     0.0,     0.0,     0.0,-,-,-,-,-
Upper Peirce Reservoir,2020,8,25,     0.6,     0.6,     0.6,     0.6,-,-,-,-,-
Upper Peirce Reservoir,2020,8,26,     5.0,     5.0,     5.0,     5.0,-,-,-,-,-
Upper Peirce Reservoir,2020,8,27,     0.0,     0.0,     0.0,     0.0,-,-,-,-,-
Upper Peirce Reservoir,2020,8,28,     3.4,     3.0,     3.4,     3.4,-,-,-,-,-
Upper Peirce Reservoir,2020,8,29,     2.6,     1.2,     1.8,     2.4,-,-,-,-,-
Upper Peirce Reservoir,2020,8,30,     0.0,     0.0,     0.0,     0.0,-,-,-,-,-
Upper Peirce Reservoir,2020,8,31,     0.0,     0.0,     0.0,     0.0,-,-,-,-,-