﻿Station,Year,Month,Day,Daily Rainfall Total (mm),Highest 30 min Rainfall (mm),Highest 60 min Rainfall (mm),Highest 120 min Rainfall (mm),Mean Temperature (°C),Maximum Temperature (°C),Minimum Temperature (°C),Mean Wind Speed (km/h),Max Wind Speed (km/h)
Macritchie Reservoir,2020,11,1,     0.2,     0.2,     0.2,     0.2,-,-,-,-,-
Macritchie Reservoir,2020,11,2,    48.0,    27.0,    30.8,    32.4,-,-,-,-,-
Macritchie Reservoir,2020,11,3,     5.8,     5.2,     5.2,     5.2,-,-,-,-,-
Macritchie Reservoir,2020,11,4,    26.8,    15.0,    17.8,    20.6,-,-,-,-,-
Macritchie Reservoir,2020,11,5,     0.2,     0.2,     0.2,     0.2,-,-,-,-,-
Macritchie Reservoir,2020,11,6,     0.0,     0.0,     0.0,     0.0,-,-,-,-,-
Macritchie Reservoir,2020,11,7,    50.8,    24.0,    34.6,    46.4,-,-,-,-,-
Macritchie Reservoir,2020,11,8,    16.2,    13.4,    14.6,    16.0,-,-,-,-,-
Macritchie Reservoir,2020,11,9,     0.6,     0.6,     0.6,     0.6,-,-,-,-,-
Macritchie Reservoir,2020,11,10,    20.2,    19.6,    20.2,    20.2,-,-,-,-,-
Macritchie Reservoir,2020,11,11,     0.0,     0.0,     0.0,     0.0,-,-,-,-,-
Macritchie Reservoir,2020,11,12,     0.0,     0.0,     0.0,     0.0,-,-,-,-,-
Macritchie Reservoir,2020,11,13,     0.0,     0.0,     0.0,     0.0,-,-,-,-,-
Macritchie Reservoir,2020,11,14,     6.0,     6.0,     6.0,     6.0,-,-,-,-,-
Macritchie Reservoir,2020,11,15,    25.8,     8.2,    10.0,    11.6,-,-,-,-,-
Macritchie Reservoir,2020,11,16,     9.6,     2.6,     4.6,     7.6,-,-,-,-,-
Macritchie Reservoir,2020,11,17,     2.0,     1.4,     2.0,     2.0,-,-,-,-,-
Macritchie Reservoir,2020,11,18,     0.0,     0.0,     0.0,     0.0,-,-,-,-,-
Macritchie Reservoir,2020,11,19,     3.4,     2.6,     3.4,     3.4,-,-,-,-,-
Macritchie Reservoir,2020,11,20,     0.4,     0.2,     0.2,     0.2,-,-,-,-,-
Macritchie Reservoir,2020,11,21,    12.2,     6.4,     8.0,     9.6,-,-,-,-,-
Macritchie Reservoir,2020,11,22,    86.0,    53.2,    75.0,    80.0,-,-,-,-,-
Macritchie Reservoir,2020,11,23,     8.6,     3.4,     5.8,     6.8,-,-,-,-,-
Macritchie Reservoir,2020,11,24,     0.4,     0.2,     0.2,     0.4,-,-,-,-,-
Macritchie Reservoir,2020,11,25,     0.0,     0.0,     0.0,     0.0,-,-,-,-,-
Macritchie Reservoir,2020,11,26,-,-,-,-,-,-,-,-,-
Macritchie Reservoir,2020,11,27,-,-,-,-,-,-,-,-,-
Macritchie Reservoir,2020,11,28,-,-,-,-,-,-,-,-,-
Macritchie Reservoir,2020,11,29,     0.0,-,-,-,-,-,-,-,-
Macritchie Reservoir,2020,11,30,     0.0,     0.0,     0.0,     0.0,-,-,-,-,-