﻿Station,Year,Month,Day,Daily Rainfall Total (mm),Highest 30 min Rainfall (mm),Highest 60 min Rainfall (mm),Highest 120 min Rainfall (mm),Mean Temperature (°C),Maximum Temperature (°C),Minimum Temperature (°C),Mean Wind Speed (km/h),Max Wind Speed (km/h)
Upper Peirce Reservoir,2020,7,1,     4.0,-,-,-,-,-,-,-,-
Upper Peirce Reservoir,2020,7,2,     0.0,     0.0,     0.0,     0.0,-,-,-,-,-
Upper Peirce Reservoir,2020,7,3,     0.0,     0.0,     0.0,     0.0,-,-,-,-,-
Upper Peirce Reservoir,2020,7,4,    27.6,    23.2,    27.0,    27.6,-,-,-,-,-
Upper Peirce Reservoir,2020,7,5,     0.2,     0.2,     0.2,     0.2,-,-,-,-,-
Upper Peirce Reservoir,2020,7,6,    29.0,    17.8,    28.4,    28.6,-,-,-,-,-
Upper Peirce Reservoir,2020,7,7,     0.2,     0.2,     9.2,    28.6,-,-,-,-,-
Upper Peirce Reservoir,2020,7,8,     2.2,     1.6,     2.0,     2.2,-,-,-,-,-
Upper Peirce Reservoir,2020,7,9,     7.0,     2.8,     3.0,     3.0,-,-,-,-,-
Upper Peirce Reservoir,2020,7,10,     0.0,     0.0,     0.0,     0.0,-,-,-,-,-
Upper Peirce Reservoir,2020,7,11,     0.4,     0.2,     0.2,     0.2,-,-,-,-,-
Upper Peirce Reservoir,2020,7,12,     8.6,     5.8,     6.2,     6.2,-,-,-,-,-
Upper Peirce Reservoir,2020,7,13,    29.2,    15.2,    25.0,    27.6,-,-,-,-,-
Upper Peirce Reservoir,2020,7,14,     0.2,     0.2,     0.2,     0.2,-,-,-,-,-
Upper Peirce Reservoir,2020,7,15,     1.0,     0.4,     0.4,     0.6,-,-,-,-,-
Upper Peirce Reservoir,2020,7,16,     7.0,-,-,-,-,-,-,-,-
Upper Peirce Reservoir,2020,7,17,     0.0,     0.0,     0.0,     0.0,-,-,-,-,-
Upper Peirce Reservoir,2020,7,18,     0.0,     0.0,     0.0,     0.0,-,-,-,-,-
Upper Peirce Reservoir,2020,7,19,     0.0,     0.0,     0.0,     0.0,-,-,-,-,-
Upper Peirce Reservoir,2020,7,20,     0.0,     0.0,     0.0,     0.0,-,-,-,-,-
Upper Peirce Reservoir,2020,7,21,     0.0,     0.0,     0.0,     0.0,-,-,-,-,-
Upper Peirce Reservoir,2020,7,22,    21.6,    10.4,    15.6,    20.6,-,-,-,-,-
Upper Peirce Reservoir,2020,7,23,-,-,-,-,-,-,-,-,-
Upper Peirce Reservoir,2020,7,24,-,-,-,-,-,-,-,-,-
Upper Peirce Reservoir,2020,7,25,-,-,-,-,-,-,-,-,-
Upper Peirce Reservoir,2020,7,26,-,-,-,-,-,-,-,-,-
Upper Peirce Reservoir,2020,7,27,-,-,-,-,-,-,-,-,-
Upper Peirce Reservoir,2020,7,28,-,-,-,-,-,-,-,-,-
Upper Peirce Reservoir,2020,7,29,-,-,-,-,-,-,-,-,-
Upper Peirce Reservoir,2020,7,30,-,-,-,-,-,-,-,-,-
Upper Peirce Reservoir,2020,7,31,-,-,-,-,-,-,-,-,-