﻿Station,Year,Month,Day,Daily Rainfall Total (mm),Highest 30 min Rainfall (mm),Highest 60 min Rainfall (mm),Highest 120 min Rainfall (mm),Mean Temperature (°C),Maximum Temperature (°C),Minimum Temperature (°C),Mean Wind Speed (km/h),Max Wind Speed (km/h)
Lower Peirce Reservoir,2020,6,1,    20.2,    11.8,-,-,-,-,-,-,-
Lower Peirce Reservoir,2020,6,2,     0.0,     0.0,-,-,-,-,-,-,-
Lower Peirce Reservoir,2020,6,3,     0.0,     0.0,     0.0,     0.0,-,-,-,-,-
Lower Peirce Reservoir,2020,6,4,     9.2,     6.4,     7.0,     7.2,-,-,-,-,-
Lower Peirce Reservoir,2020,6,5,     0.8,-,-,-,-,-,-,-,-
Lower Peirce Reservoir,2020,6,6,     3.8,-,-,-,-,-,-,-,-
Lower Peirce Reservoir,2020,6,7,     0.0,     0.0,     0.0,     0.0,-,-,-,-,-
Lower Peirce Reservoir,2020,6,8,    12.8,    12.8,    12.8,    12.8,-,-,-,-,-
Lower Peirce Reservoir,2020,6,9,     0.0,     0.0,     0.0,     0.0,-,-,-,-,-
Lower Peirce Reservoir,2020,6,10,    30.2,    27.0,    29.8,    30.0,-,-,-,-,-
Lower Peirce Reservoir,2020,6,11,     1.8,     1.6,     1.8,     1.8,-,-,-,-,-
Lower Peirce Reservoir,2020,6,12,    25.0,    22.2,    22.8,    22.8,-,-,-,-,-
Lower Peirce Reservoir,2020,6,13,    14.2,     6.8,     7.4,     7.8,-,-,-,-,-
Lower Peirce Reservoir,2020,6,14,    11.4,     7.6,    11.2,    11.4,-,-,-,-,-
Lower Peirce Reservoir,2020,6,15,     0.4,     0.4,     0.4,     0.4,-,-,-,-,-
Lower Peirce Reservoir,2020,6,16,     1.6,     1.0,     1.4,     1.4,-,-,-,-,-
Lower Peirce Reservoir,2020,6,17,    27.6,     8.8,    16.2,    22.4,-,-,-,-,-
Lower Peirce Reservoir,2020,6,18,     0.4,     0.2,     0.2,     0.2,-,-,-,-,-
Lower Peirce Reservoir,2020,6,19,     2.6,     1.0,     1.8,     2.4,-,-,-,-,-
Lower Peirce Reservoir,2020,6,20,    39.0,    13.6,    14.8,    19.0,-,-,-,-,-
Lower Peirce Reservoir,2020,6,21,    15.0,     8.4,    14.4,    14.6,-,-,-,-,-
Lower Peirce Reservoir,2020,6,22,    17.2,     7.4,     9.2,     9.2,-,-,-,-,-
Lower Peirce Reservoir,2020,6,23,    38.2,    20.2,    28.4,    31.4,-,-,-,-,-
Lower Peirce Reservoir,2020,6,24,    24.8,    17.2,    19.6,    22.8,-,-,-,-,-
Lower Peirce Reservoir,2020,6,25,     0.0,     0.0,     0.0,     0.0,-,-,-,-,-
Lower Peirce Reservoir,2020,6,26,     0.0,     0.0,     0.0,     0.0,-,-,-,-,-
Lower Peirce Reservoir,2020,6,27,     7.4,     7.4,     7.4,     7.4,-,-,-,-,-
Lower Peirce Reservoir,2020,6,28,     1.0,     0.8,     1.0,     1.0,-,-,-,-,-
Lower Peirce Reservoir,2020,6,29,     1.0,     1.0,     1.0,     1.0,-,-,-,-,-
Lower Peirce Reservoir,2020,6,30,     0.0,     0.0,     0.0,     0.0,-,-,-,-,-