﻿Station,Year,Month,Day,Daily Rainfall Total (mm),Highest 30 min Rainfall (mm),Highest 60 min Rainfall (mm),Highest 120 min Rainfall (mm),Mean Temperature (°C),Maximum Temperature (°C),Minimum Temperature (°C),Mean Wind Speed (km/h),Max Wind Speed (km/h)
Macritchie Reservoir,2021,1,1,-,-,-,-,-,-,-,-,-
Macritchie Reservoir,2021,1,2,-,-,-,-,-,-,-,-,-
Macritchie Reservoir,2021,1,3,-,-,-,-,-,-,-,-,-
Macritchie Reservoir,2021,1,4,     0.0,     0.0,     0.0,     0.0,-,-,-,-,-
Macritchie Reservoir,2021,1,5,     0.0,     0.0,     0.0,     0.0,-,-,-,-,-
Macritchie Reservoir,2021,1,6,     0.0,     0.0,     0.0,     0.0,-,-,-,-,-
Macritchie Reservoir,2021,1,7,-,-,-,-,-,-,-,-,-
Macritchie Reservoir,2021,1,8,    12.0,     7.4,     9.0,    10.6,-,-,-,-,-
Macritchie Reservoir,2021,1,9,    36.6,    12.8,    19.2,    20.8,-,-,-,-,-
Macritchie Reservoir,2021,1,10,   101.8,    11.6,    19.0,    26.8,-,-,-,-,-
Macritchie Reservoir,2021,1,11,     3.4,     1.2,     1.6,     3.8,-,-,-,-,-
Macritchie Reservoir,2021,1,12,    13.8,     3.4,     3.4,     6.0,-,-,-,-,-
Macritchie Reservoir,2021,1,13,     1.2,     0.4,     0.4,     0.6,-,-,-,-,-
Macritchie Reservoir,2021,1,14,     0.0,     0.0,     0.0,     0.0,-,-,-,-,-
Macritchie Reservoir,2021,1,15,     0.0,     0.0,     0.0,     0.0,-,-,-,-,-
Macritchie Reservoir,2021,1,16,     0.0,     0.0,     0.0,     0.0,-,-,-,-,-
Macritchie Reservoir,2021,1,17,     0.0,     0.0,     0.0,     0.0,-,-,-,-,-
Macritchie Reservoir,2021,1,18,     0.0,     0.0,     0.0,     0.0,-,-,-,-,-
Macritchie Reservoir,2021,1,19,     0.0,     0.0,     0.0,     0.0,-,-,-,-,-
Macritchie Reservoir,2021,1,20,     0.0,     0.0,     0.0,     0.0,-,-,-,-,-
Macritchie Reservoir,2021,1,21,    35.2,    25.6,    32.2,    34.8,-,-,-,-,-
Macritchie Reservoir,2021,1,22,    36.8,    27.4,    36.6,    36.8,-,-,-,-,-
Macritchie Reservoir,2021,1,23,    31.4,    22.2,    27.4,    31.0,-,-,-,-,-
Macritchie Reservoir,2021,1,24,     0.0,     0.0,     0.0,     0.0,-,-,-,-,-
Macritchie Reservoir,2021,1,25,     0.0,     0.0,     0.0,     0.0,-,-,-,-,-
Macritchie Reservoir,2021,1,26,     0.0,     0.0,     0.0,     0.0,-,-,-,-,-
Macritchie Reservoir,2021,1,27,     0.0,     0.0,     0.0,     0.0,-,-,-,-,-
Macritchie Reservoir,2021,1,28,    16.2,     8.6,     8.6,    10.0,-,-,-,-,-
Macritchie Reservoir,2021,1,29,     0.0,     0.0,     0.0,     0.0,-,-,-,-,-
Macritchie Reservoir,2021,1,30,     0.0,     0.0,     0.0,     0.0,-,-,-,-,-
Macritchie Reservoir,2021,1,31,     2.4,     1.0,     1.0,     1.6,-,-,-,-,-