﻿Station,Year,Month,Day,Daily Rainfall Total (mm),Highest 30 min Rainfall (mm),Highest 60 min Rainfall (mm),Highest 120 min Rainfall (mm),Mean Temperature (°C),Maximum Temperature (°C),Minimum Temperature (°C),Mean Wind Speed (km/h),Max Wind Speed (km/h)
Semakau Island,2021,3,1,-,-,-,-,-,-,-,-,-
Semakau Island,2021,3,2,-,-,-,-,-,-,-,-,-
Semakau Island,2021,3,3,-,-,-,-,-,-,-,-,-
Semakau Island,2021,3,4,-,-,-,-,-,-,-,-,-
Semakau Island,2021,3,5,-,-,-,-,-,-,-,-,-
Semakau Island,2021,3,6,-,-,-,-,-,-,-,-,-
Semakau Island,2021,3,7,-,-,-,-,-,-,-,-,-
Semakau Island,2021,3,8,-,-,-,-,-,-,-,-,-
Semakau Island,2021,3,9,-,-,-,-,-,-,-,-,-
Semakau Island,2021,3,10,-,-,-,-,-,-,-,-,-
Semakau Island,2021,3,11,-,-,-,-,-,-,-,-,-
Semakau Island,2021,3,12,-,-,-,-,-,-,-,-,-
Semakau Island,2021,3,13,-,-,-,-,-,-,-,-,-
Semakau Island,2021,3,14,-,-,-,-,-,-,-,-,-
Semakau Island,2021,3,15,-,-,-,-,-,-,-,-,-
Semakau Island,2021,3,16,-,-,-,-,-,-,-,-,-
Semakau Island,2021,3,17,-,-,-,-,-,-,-,-,-
Semakau Island,2021,3,18,-,-,-,-,-,-,-,-,-
Semakau Island,2021,3,19,-,-,-,-,-,-,-,-,-
Semakau Island,2021,3,20,-,-,-,-,-,-,-,-,-
Semakau Island,2021,3,21,-,-,-,-,-,-,-,-,-
Semakau Island,2021,3,22,-,-,-,-,-,-,-,-,-
Semakau Island,2021,3,23,-,-,-,-,-,-,-,-,-
Semakau Island,2021,3,24,-,-,-,-,-,-,-,-,-
Semakau Island,2021,3,25,-,-,-,-,-,-,-,-,-
Semakau Island,2021,3,26,-,-,-,-,-,-,-,-,-
Semakau Island,2021,3,27,-,-,-,-,-,-,-,-,-
Semakau Island,2021,3,28,-,-,-,-,-,-,-,-,-
Semakau Island,2021,3,29,-,-,-,-,-,-,-,-,-
Semakau Island,2021,3,30,-,-,-,-,-,-,-,-,-
Semakau Island,2021,3,31,-,-,-,-,-,-,-,-,-