﻿Station,Year,Month,Day,Daily Rainfall Total (mm),Highest 30 min Rainfall (mm),Highest 60 min Rainfall (mm),Highest 120 min Rainfall (mm),Mean Temperature (°C),Maximum Temperature (°C),Minimum Temperature (°C),Mean Wind Speed (km/h),Max Wind Speed (km/h)
Buona Vista,2021,8,1,-,-,-,-,-,-,-,-,-
Buona Vista,2021,8,2,     0.0,     0.0,     0.0,     0.0,-,-,-,-,-
Buona Vista,2021,8,3,-,-,-,-,-,-,-,-,-
Buona Vista,2021,8,4,-,-,-,-,-,-,-,-,-
Buona Vista,2021,8,5,     0.0,-,-,-,-,-,-,-,-
Buona Vista,2021,8,6,     0.0,     0.0,     0.0,     0.0,-,-,-,-,-
Buona Vista,2021,8,7,-,-,-,-,-,-,-,-,-
Buona Vista,2021,8,8,-,-,-,-,-,-,-,-,-
Buona Vista,2021,8,9,-,-,-,-,-,-,-,-,-
Buona Vista,2021,8,10,-,-,-,-,-,-,-,-,-
Buona Vista,2021,8,11,-,-,-,-,-,-,-,-,-
Buona Vista,2021,8,12,-,-,-,-,-,-,-,-,-
Buona Vista,2021,8,13,-,-,-,-,-,-,-,-,-
Buona Vista,2021,8,14,-,-,-,-,-,-,-,-,-
Buona Vista,2021,8,15,-,-,-,-,-,-,-,-,-
Buona Vista,2021,8,16,-,-,-,-,-,-,-,-,-
Buona Vista,2021,8,17,-,-,-,-,-,-,-,-,-
Buona Vista,2021,8,18,-,-,-,-,-,-,-,-,-
Buona Vista,2021,8,19,-,-,-,-,-,-,-,-,-
Buona Vista,2021,8,20,-,-,-,-,-,-,-,-,-
Buona Vista,2021,8,21,-,-,-,-,-,-,-,-,-
Buona Vista,2021,8,22,-,-,-,-,-,-,-,-,-
Buona Vista,2021,8,23,-,-,-,-,-,-,-,-,-
Buona Vista,2021,8,24,-,-,-,-,-,-,-,-,-
Buona Vista,2021,8,25,-,-,-,-,-,-,-,-,-
Buona Vista,2021,8,26,-,-,-,-,-,-,-,-,-
Buona Vista,2021,8,27,-,-,-,-,-,-,-,-,-
Buona Vista,2021,8,28,-,-,-,-,-,-,-,-,-
Buona Vista,2021,8,29,-,-,-,-,-,-,-,-,-
Buona Vista,2021,8,30,-,-,-,-,-,-,-,-,-
Buona Vista,2021,8,31,-,-,-,-,-,-,-,-,-