﻿Station,Year,Month,Day,Daily Rainfall Total (mm),Highest 30 min Rainfall (mm),Highest 60 min Rainfall (mm),Highest 120 min Rainfall (mm),Mean Temperature (°C),Maximum Temperature (°C),Minimum Temperature (°C),Mean Wind Speed (km/h),Max Wind Speed (km/h)
Upper Peirce Reservoir,2021,8,1,-,-,-,-,-,-,-,-,-
Upper Peirce Reservoir,2021,8,2,     3.8,     3.8,     3.8,     3.8,-,-,-,-,-
Upper Peirce Reservoir,2021,8,3,-,-,-,-,-,-,-,-,-
Upper Peirce Reservoir,2021,8,4,     0.4,     0.4,     0.4,     0.4,-,-,-,-,-
Upper Peirce Reservoir,2021,8,5,     0.0,     0.0,     0.0,     0.0,-,-,-,-,-
Upper Peirce Reservoir,2021,8,6,     0.0,     0.0,     0.0,     0.0,-,-,-,-,-
Upper Peirce Reservoir,2021,8,7,     3.6,     2.6,     3.0,     3.4,-,-,-,-,-
Upper Peirce Reservoir,2021,8,8,     1.4,     1.0,     1.0,     1.0,-,-,-,-,-
Upper Peirce Reservoir,2021,8,9,     0.0,     0.0,     0.0,     0.0,-,-,-,-,-
Upper Peirce Reservoir,2021,8,10,     0.0,     0.0,     0.0,     0.0,-,-,-,-,-
Upper Peirce Reservoir,2021,8,11,     5.2,     3.4,     3.4,     3.4,-,-,-,-,-
Upper Peirce Reservoir,2021,8,12,    13.4,    12.4,    13.0,    13.0,-,-,-,-,-
Upper Peirce Reservoir,2021,8,13,     2.4,     2.4,     2.4,     2.4,-,-,-,-,-
Upper Peirce Reservoir,2021,8,14,    43.6,    26.2,    26.6,    38.0,-,-,-,-,-
Upper Peirce Reservoir,2021,8,15,     5.2,     2.8,     2.8,     4.0,-,-,-,-,-
Upper Peirce Reservoir,2021,8,16,     0.6,     0.6,     0.8,     1.2,-,-,-,-,-
Upper Peirce Reservoir,2021,8,17,-,-,-,-,-,-,-,-,-
Upper Peirce Reservoir,2021,8,18,-,-,-,-,-,-,-,-,-
Upper Peirce Reservoir,2021,8,19,-,-,-,-,-,-,-,-,-
Upper Peirce Reservoir,2021,8,20,-,-,-,-,-,-,-,-,-
Upper Peirce Reservoir,2021,8,21,-,-,-,-,-,-,-,-,-
Upper Peirce Reservoir,2021,8,22,     2.2,     1.2,     1.6,     1.8,-,-,-,-,-
Upper Peirce Reservoir,2021,8,23,     0.0,     0.0,     0.0,     0.0,-,-,-,-,-
Upper Peirce Reservoir,2021,8,24,-,-,-,-,-,-,-,-,-
Upper Peirce Reservoir,2021,8,25,-,-,-,-,-,-,-,-,-
Upper Peirce Reservoir,2021,8,26,     0.4,     0.2,     0.4,     0.4,-,-,-,-,-
Upper Peirce Reservoir,2021,8,27,     0.0,     0.0,     0.0,     0.0,-,-,-,-,-
Upper Peirce Reservoir,2021,8,28,     0.0,     0.0,     0.0,     0.0,-,-,-,-,-
Upper Peirce Reservoir,2021,8,29,    16.2,     5.0,     5.6,     8.0,-,-,-,-,-
Upper Peirce Reservoir,2021,8,30,    83.4,    43.0,    61.6,    73.8,-,-,-,-,-
Upper Peirce Reservoir,2021,8,31,-,-,-,-,-,-,-,-,-