﻿Station,Year,Month,Day,Daily Rainfall Total (mm),Highest 30 min Rainfall (mm),Highest 60 min Rainfall (mm),Highest 120 min Rainfall (mm),Mean Temperature (°C),Maximum Temperature (°C),Minimum Temperature (°C),Mean Wind Speed (km/h),Max Wind Speed (km/h)
Semakau Island,2021,9,1,-,-,-,-,-,-,-,-,-
Semakau Island,2021,9,2,-,-,-,-,-,-,-,-,-
Semakau Island,2021,9,3,-,-,-,-,-,-,-,-,-
Semakau Island,2021,9,4,-,-,-,-,-,-,-,-,-
Semakau Island,2021,9,5,-,-,-,-,-,-,-,-,-
Semakau Island,2021,9,6,-,-,-,-,-,-,-,-,-
Semakau Island,2021,9,7,-,-,-,-,-,-,-,-,-
Semakau Island,2021,9,8,-,-,-,-,-,-,-,-,-
Semakau Island,2021,9,9,-,-,-,-,-,-,-,-,-
Semakau Island,2021,9,10,-,-,-,-,-,-,-,-,-
Semakau Island,2021,9,11,-,-,-,-,-,-,-,-,-
Semakau Island,2021,9,12,-,-,-,-,-,-,-,-,-
Semakau Island,2021,9,13,-,-,-,-,-,-,-,-,-
Semakau Island,2021,9,14,-,-,-,-,-,-,-,-,-
Semakau Island,2021,9,15,-,-,-,-,-,-,-,-,-
Semakau Island,2021,9,16,-,-,-,-,-,-,-,-,-
Semakau Island,2021,9,17,-,-,-,-,-,-,-,-,-
Semakau Island,2021,9,18,-,-,-,-,-,-,-,-,-
Semakau Island,2021,9,19,-,-,-,-,-,-,-,-,-
Semakau Island,2021,9,20,-,-,-,-,-,-,-,-,-
Semakau Island,2021,9,21,-,-,-,-,-,-,-,-,-
Semakau Island,2021,9,22,-,-,-,-,-,-,-,-,-
Semakau Island,2021,9,23,-,-,-,-,-,-,-,-,-
Semakau Island,2021,9,24,-,-,-,-,-,-,-,-,-
Semakau Island,2021,9,25,-,-,-,-,-,-,-,-,-
Semakau Island,2021,9,26,-,-,-,-,-,-,-,-,-
Semakau Island,2021,9,27,-,-,-,-,-,-,-,-,-
Semakau Island,2021,9,28,-,-,-,-,-,-,-,-,-
Semakau Island,2021,9,29,-,-,-,-,-,-,-,-,-
Semakau Island,2021,9,30,-,-,-,-,-,-,-,-,-