﻿Station,Year,Month,Day,Daily Rainfall Total (mm),Highest 30 min Rainfall (mm),Highest 60 min Rainfall (mm),Highest 120 min Rainfall (mm),Mean Temperature (°C),Maximum Temperature (°C),Minimum Temperature (°C),Mean Wind Speed (km/h),Max Wind Speed (km/h)
Pasir Ris (West),2021,4,1,     0.0,-,-,-,-,-,-,-,-
Pasir Ris (West),2021,4,2,-,-,-,-,-,-,-,-,-
Pasir Ris (West),2021,4,3,-,-,-,-,-,-,-,-,-
Pasir Ris (West),2021,4,4,-,-,-,-,-,-,-,-,-
Pasir Ris (West),2021,4,5,-,-,-,-,-,-,-,-,-
Pasir Ris (West),2021,4,6,-,-,-,-,-,-,-,-,-
Pasir Ris (West),2021,4,7,-,-,-,-,-,-,-,-,-
Pasir Ris (West),2021,4,8,-,-,-,-,-,-,-,-,-
Pasir Ris (West),2021,4,9,-,-,-,-,-,-,-,-,-
Pasir Ris (West),2021,4,10,-,-,-,-,-,-,-,-,-
Pasir Ris (West),2021,4,11,-,-,-,-,-,-,-,-,-
Pasir Ris (West),2021,4,12,-,-,-,-,-,-,-,-,-
Pasir Ris (West),2021,4,13,-,-,-,-,-,-,-,-,-
Pasir Ris (West),2021,4,14,-,-,-,-,-,-,-,-,-
Pasir Ris (West),2021,4,15,-,-,-,-,-,-,-,-,-
Pasir Ris (West),2021,4,16,-,-,-,-,-,-,-,-,-
Pasir Ris (West),2021,4,17,-,-,-,-,-,-,-,-,-
Pasir Ris (West),2021,4,18,-,-,-,-,-,-,-,-,-
Pasir Ris (West),2021,4,19,-,-,-,-,-,-,-,-,-
Pasir Ris (West),2021,4,20,-,-,-,-,-,-,-,-,-
Pasir Ris (West),2021,4,21,-,-,-,-,-,-,-,-,-
Pasir Ris (West),2021,4,22,-,-,-,-,-,-,-,-,-
Pasir Ris (West),2021,4,23,-,-,-,-,-,-,-,-,-
Pasir Ris (West),2021,4,24,-,-,-,-,-,-,-,-,-
Pasir Ris (West),2021,4,25,     0.0,-,-,-,-,-,-,-,-
Pasir Ris (West),2021,4,26,-,-,-,-,-,-,-,-,-
Pasir Ris (West),2021,4,27,-,-,-,-,-,-,-,-,-
Pasir Ris (West),2021,4,28,-,-,-,-,-,-,-,-,-
Pasir Ris (West),2021,4,29,-,-,-,-,-,-,-,-,-
Pasir Ris (West),2021,4,30,-,-,-,-,-,-,-,-,-