﻿Station,Year,Month,Day,Daily Rainfall Total (mm),Highest 30 min Rainfall (mm),Highest 60 min Rainfall (mm),Highest 120 min Rainfall (mm),Mean Temperature (°C),Maximum Temperature (°C),Minimum Temperature (°C),Mean Wind Speed (km/h),Max Wind Speed (km/h)
Upper Thomson,2021,3,1,-,-,-,-,-,-,-,-,-
Upper Thomson,2021,3,2,-,-,-,-,-,-,-,-,-
Upper Thomson,2021,3,3,-,-,-,-,-,-,-,-,-
Upper Thomson,2021,3,4,-,-,-,-,-,-,-,-,-
Upper Thomson,2021,3,5,-,-,-,-,-,-,-,-,-
Upper Thomson,2021,3,6,-,-,-,-,-,-,-,-,-
Upper Thomson,2021,3,7,-,-,-,-,-,-,-,-,-
Upper Thomson,2021,3,8,-,-,-,-,-,-,-,-,-
Upper Thomson,2021,3,9,-,-,-,-,-,-,-,-,-
Upper Thomson,2021,3,10,-,-,-,-,-,-,-,-,-
Upper Thomson,2021,3,11,-,-,-,-,-,-,-,-,-
Upper Thomson,2021,3,12,-,-,-,-,-,-,-,-,-
Upper Thomson,2021,3,13,-,-,-,-,-,-,-,-,-
Upper Thomson,2021,3,14,-,-,-,-,-,-,-,-,-
Upper Thomson,2021,3,15,-,-,-,-,-,-,-,-,-
Upper Thomson,2021,3,16,-,-,-,-,-,-,-,-,-
Upper Thomson,2021,3,17,-,-,-,-,-,-,-,-,-
Upper Thomson,2021,3,18,-,-,-,-,-,-,-,-,-
Upper Thomson,2021,3,19,-,-,-,-,-,-,-,-,-
Upper Thomson,2021,3,20,-,-,-,-,-,-,-,-,-
Upper Thomson,2021,3,21,-,-,-,-,-,-,-,-,-
Upper Thomson,2021,3,22,-,-,-,-,-,-,-,-,-
Upper Thomson,2021,3,23,-,-,-,-,-,-,-,-,-
Upper Thomson,2021,3,24,-,-,-,-,-,-,-,-,-
Upper Thomson,2021,3,25,-,-,-,-,-,-,-,-,-
Upper Thomson,2021,3,26,-,-,-,-,-,-,-,-,-
Upper Thomson,2021,3,27,-,-,-,-,-,-,-,-,-
Upper Thomson,2021,3,28,-,-,-,-,-,-,-,-,-
Upper Thomson,2021,3,29,-,-,-,-,-,-,-,-,-
Upper Thomson,2021,3,30,-,-,-,-,-,-,-,-,-
Upper Thomson,2021,3,31,-,-,-,-,-,-,-,-,-