﻿Station,Year,Month,Day,Daily Rainfall Total (mm),Highest 30 min Rainfall (mm),Highest 60 min Rainfall (mm),Highest 120 min Rainfall (mm),Mean Temperature (°C),Maximum Temperature (°C),Minimum Temperature (°C),Mean Wind Speed (km/h),Max Wind Speed (km/h)
Semakau Island,2021,1,1,-,-,-,-,-,-,-,-,-
Semakau Island,2021,1,2,-,-,-,-,-,-,-,-,-
Semakau Island,2021,1,3,-,-,-,-,-,-,-,-,-
Semakau Island,2021,1,4,-,-,-,-,-,-,-,-,-
Semakau Island,2021,1,5,-,-,-,-,-,-,-,-,-
Semakau Island,2021,1,6,-,-,-,-,-,-,-,-,-
Semakau Island,2021,1,7,-,-,-,-,-,-,-,-,-
Semakau Island,2021,1,8,-,-,-,-,-,-,-,-,-
Semakau Island,2021,1,9,-,-,-,-,-,-,-,-,-
Semakau Island,2021,1,10,-,-,-,-,-,-,-,-,-
Semakau Island,2021,1,11,-,-,-,-,-,-,-,-,-
Semakau Island,2021,1,12,-,-,-,-,-,-,-,-,-
Semakau Island,2021,1,13,-,-,-,-,-,-,-,-,-
Semakau Island,2021,1,14,-,-,-,-,-,-,-,-,-
Semakau Island,2021,1,15,-,-,-,-,-,-,-,-,-
Semakau Island,2021,1,16,-,-,-,-,-,-,-,-,-
Semakau Island,2021,1,17,-,-,-,-,-,-,-,-,-
Semakau Island,2021,1,18,-,-,-,-,-,-,-,-,-
Semakau Island,2021,1,19,-,-,-,-,-,-,-,-,-
Semakau Island,2021,1,20,-,-,-,-,-,-,-,-,-
Semakau Island,2021,1,21,-,-,-,-,-,-,-,-,-
Semakau Island,2021,1,22,-,-,-,-,-,-,-,-,-
Semakau Island,2021,1,23,-,-,-,-,-,-,-,-,-
Semakau Island,2021,1,24,-,-,-,-,-,-,-,-,-
Semakau Island,2021,1,25,-,-,-,-,-,-,-,-,-
Semakau Island,2021,1,26,-,-,-,-,-,-,-,-,-
Semakau Island,2021,1,27,-,-,-,-,-,-,-,-,-
Semakau Island,2021,1,28,-,-,-,-,-,-,-,-,-
Semakau Island,2021,1,29,-,-,-,-,-,-,-,-,-
Semakau Island,2021,1,30,-,-,-,-,-,-,-,-,-
Semakau Island,2021,1,31,-,-,-,-,-,-,-,-,-