﻿Station,Year,Month,Day,Daily Rainfall Total (mm),Highest 30 min Rainfall (mm),Highest 60 min Rainfall (mm),Highest 120 min Rainfall (mm),Mean Temperature (°C),Maximum Temperature (°C),Minimum Temperature (°C),Mean Wind Speed (km/h),Max Wind Speed (km/h)
Serangoon,2021,6,1,-,-,-,-,-,-,-,-,-
Serangoon,2021,6,2,-,-,-,-,-,-,-,-,-
Serangoon,2021,6,3,-,-,-,-,-,-,-,-,-
Serangoon,2021,6,4,-,-,-,-,-,-,-,-,-
Serangoon,2021,6,5,-,-,-,-,-,-,-,-,-
Serangoon,2021,6,6,     0.0,-,-,-,-,-,-,-,-
Serangoon,2021,6,7,-,-,-,-,-,-,-,-,-
Serangoon,2021,6,8,-,-,-,-,-,-,-,-,-
Serangoon,2021,6,9,-,-,-,-,-,-,-,-,-
Serangoon,2021,6,10,-,-,-,-,-,-,-,-,-
Serangoon,2021,6,11,-,-,-,-,-,-,-,-,-
Serangoon,2021,6,12,-,-,-,-,-,-,-,-,-
Serangoon,2021,6,13,-,-,-,-,-,-,-,-,-
Serangoon,2021,6,14,     0.0,     0.0,     0.0,     0.0,-,-,-,-,-
Serangoon,2021,6,15,-,-,-,-,-,-,-,-,-
Serangoon,2021,6,16,-,-,-,-,-,-,-,-,-
Serangoon,2021,6,17,-,-,-,-,-,-,-,-,-
Serangoon,2021,6,18,-,-,-,-,-,-,-,-,-
Serangoon,2021,6,19,-,-,-,-,-,-,-,-,-
Serangoon,2021,6,20,-,-,-,-,-,-,-,-,-
Serangoon,2021,6,21,-,-,-,-,-,-,-,-,-
Serangoon,2021,6,22,-,-,-,-,-,-,-,-,-
Serangoon,2021,6,23,     0.0,     0.0,     0.0,     0.0,-,-,-,-,-
Serangoon,2021,6,24,-,-,-,-,-,-,-,-,-
Serangoon,2021,6,25,-,-,-,-,-,-,-,-,-
Serangoon,2021,6,26,-,-,-,-,-,-,-,-,-
Serangoon,2021,6,27,-,-,-,-,-,-,-,-,-
Serangoon,2021,6,28,-,-,-,-,-,-,-,-,-
Serangoon,2021,6,29,-,-,-,-,-,-,-,-,-
Serangoon,2021,6,30,     0.0,     0.0,     0.0,     0.0,-,-,-,-,-