﻿Station,Year,Month,Day,Daily Rainfall Total (mm),Highest 30 min Rainfall (mm),Highest 60 min Rainfall (mm),Highest 120 min Rainfall (mm),Mean Temperature (°C),Maximum Temperature (°C),Minimum Temperature (°C),Mean Wind Speed (km/h),Max Wind Speed (km/h)
Pasir Ris (West),2021,7,1,-,-,-,-,-,-,-,-,-
Pasir Ris (West),2021,7,2,-,-,-,-,-,-,-,-,-
Pasir Ris (West),2021,7,3,-,-,-,-,-,-,-,-,-
Pasir Ris (West),2021,7,4,-,-,-,-,-,-,-,-,-
Pasir Ris (West),2021,7,5,-,-,-,-,-,-,-,-,-
Pasir Ris (West),2021,7,6,-,-,-,-,-,-,-,-,-
Pasir Ris (West),2021,7,7,-,-,-,-,-,-,-,-,-
Pasir Ris (West),2021,7,8,-,-,-,-,-,-,-,-,-
Pasir Ris (West),2021,7,9,-,-,-,-,-,-,-,-,-
Pasir Ris (West),2021,7,10,-,-,-,-,-,-,-,-,-
Pasir Ris (West),2021,7,11,-,-,-,-,-,-,-,-,-
Pasir Ris (West),2021,7,12,-,-,-,-,-,-,-,-,-
Pasir Ris (West),2021,7,13,-,-,-,-,-,-,-,-,-
Pasir Ris (West),2021,7,14,-,-,-,-,-,-,-,-,-
Pasir Ris (West),2021,7,15,-,-,-,-,-,-,-,-,-
Pasir Ris (West),2021,7,16,-,-,-,-,-,-,-,-,-
Pasir Ris (West),2021,7,17,-,-,-,-,-,-,-,-,-
Pasir Ris (West),2021,7,18,-,-,-,-,-,-,-,-,-
Pasir Ris (West),2021,7,19,-,-,-,-,-,-,-,-,-
Pasir Ris (West),2021,7,20,-,-,-,-,-,-,-,-,-
Pasir Ris (West),2021,7,21,-,-,-,-,-,-,-,-,-
Pasir Ris (West),2021,7,22,-,-,-,-,-,-,-,-,-
Pasir Ris (West),2021,7,23,-,-,-,-,-,-,-,-,-
Pasir Ris (West),2021,7,24,-,-,-,-,-,-,-,-,-
Pasir Ris (West),2021,7,25,-,-,-,-,-,-,-,-,-
Pasir Ris (West),2021,7,26,-,-,-,-,-,-,-,-,-
Pasir Ris (West),2021,7,27,-,-,-,-,-,-,-,-,-
Pasir Ris (West),2021,7,28,-,-,-,-,-,-,-,-,-
Pasir Ris (West),2021,7,29,-,-,-,-,-,-,-,-,-
Pasir Ris (West),2021,7,30,-,-,-,-,-,-,-,-,-
Pasir Ris (West),2021,7,31,-,-,-,-,-,-,-,-,-