﻿Station,Year,Month,Day,Daily Rainfall Total (mm),Highest 30 min Rainfall (mm),Highest 60 min Rainfall (mm),Highest 120 min Rainfall (mm),Mean Temperature (°C),Maximum Temperature (°C),Minimum Temperature (°C),Mean Wind Speed (km/h),Max Wind Speed (km/h)
Pasir Ris (West),2021,8,1,-,-,-,-,-,-,-,-,-
Pasir Ris (West),2021,8,2,-,-,-,-,-,-,-,-,-
Pasir Ris (West),2021,8,3,-,-,-,-,-,-,-,-,-
Pasir Ris (West),2021,8,4,-,-,-,-,-,-,-,-,-
Pasir Ris (West),2021,8,5,-,-,-,-,-,-,-,-,-
Pasir Ris (West),2021,8,6,-,-,-,-,-,-,-,-,-
Pasir Ris (West),2021,8,7,-,-,-,-,-,-,-,-,-
Pasir Ris (West),2021,8,8,-,-,-,-,-,-,-,-,-
Pasir Ris (West),2021,8,9,-,-,-,-,-,-,-,-,-
Pasir Ris (West),2021,8,10,-,-,-,-,-,-,-,-,-
Pasir Ris (West),2021,8,11,-,-,-,-,-,-,-,-,-
Pasir Ris (West),2021,8,12,-,-,-,-,-,-,-,-,-
Pasir Ris (West),2021,8,13,-,-,-,-,-,-,-,-,-
Pasir Ris (West),2021,8,14,-,-,-,-,-,-,-,-,-
Pasir Ris (West),2021,8,15,-,-,-,-,-,-,-,-,-
Pasir Ris (West),2021,8,16,-,-,-,-,-,-,-,-,-
Pasir Ris (West),2021,8,17,-,-,-,-,-,-,-,-,-
Pasir Ris (West),2021,8,18,-,-,-,-,-,-,-,-,-
Pasir Ris (West),2021,8,19,-,-,-,-,-,-,-,-,-
Pasir Ris (West),2021,8,20,-,-,-,-,-,-,-,-,-
Pasir Ris (West),2021,8,21,-,-,-,-,-,-,-,-,-
Pasir Ris (West),2021,8,22,-,-,-,-,-,-,-,-,-
Pasir Ris (West),2021,8,23,-,-,-,-,-,-,-,-,-
Pasir Ris (West),2021,8,24,-,-,-,-,-,-,-,-,-
Pasir Ris (West),2021,8,25,-,-,-,-,-,-,-,-,-
Pasir Ris (West),2021,8,26,-,-,-,-,-,-,-,-,-
Pasir Ris (West),2021,8,27,-,-,-,-,-,-,-,-,-
Pasir Ris (West),2021,8,28,-,-,-,-,-,-,-,-,-
Pasir Ris (West),2021,8,29,-,-,-,-,-,-,-,-,-
Pasir Ris (West),2021,8,30,-,-,-,-,-,-,-,-,-
Pasir Ris (West),2021,8,31,-,-,-,-,-,-,-,-,-