﻿Station,Year,Month,Day,Daily Rainfall Total (mm),Highest 30 min Rainfall (mm),Highest 60 min Rainfall (mm),Highest 120 min Rainfall (mm),Mean Temperature (°C),Maximum Temperature (°C),Minimum Temperature (°C),Mean Wind Speed (km/h),Max Wind Speed (km/h)
Buona Vista,2021,9,1,-,-,-,-,-,-,-,-,-
Buona Vista,2021,9,2,-,-,-,-,-,-,-,-,-
Buona Vista,2021,9,3,-,-,-,-,-,-,-,-,-
Buona Vista,2021,9,4,-,-,-,-,-,-,-,-,-
Buona Vista,2021,9,5,-,-,-,-,-,-,-,-,-
Buona Vista,2021,9,6,-,-,-,-,-,-,-,-,-
Buona Vista,2021,9,7,-,-,-,-,-,-,-,-,-
Buona Vista,2021,9,8,-,-,-,-,-,-,-,-,-
Buona Vista,2021,9,9,-,-,-,-,-,-,-,-,-
Buona Vista,2021,9,10,-,-,-,-,-,-,-,-,-
Buona Vista,2021,9,11,-,-,-,-,-,-,-,-,-
Buona Vista,2021,9,12,-,-,-,-,-,-,-,-,-
Buona Vista,2021,9,13,-,-,-,-,-,-,-,-,-
Buona Vista,2021,9,14,-,-,-,-,-,-,-,-,-
Buona Vista,2021,9,15,-,-,-,-,-,-,-,-,-
Buona Vista,2021,9,16,-,-,-,-,-,-,-,-,-
Buona Vista,2021,9,17,-,-,-,-,-,-,-,-,-
Buona Vista,2021,9,18,-,-,-,-,-,-,-,-,-
Buona Vista,2021,9,19,-,-,-,-,-,-,-,-,-
Buona Vista,2021,9,20,-,-,-,-,-,-,-,-,-
Buona Vista,2021,9,21,-,-,-,-,-,-,-,-,-
Buona Vista,2021,9,22,-,-,-,-,-,-,-,-,-
Buona Vista,2021,9,23,-,-,-,-,-,-,-,-,-
Buona Vista,2021,9,24,-,-,-,-,-,-,-,-,-
Buona Vista,2021,9,25,-,-,-,-,-,-,-,-,-
Buona Vista,2021,9,26,-,-,-,-,-,-,-,-,-
Buona Vista,2021,9,27,-,-,-,-,-,-,-,-,-
Buona Vista,2021,9,28,-,-,-,-,-,-,-,-,-
Buona Vista,2021,9,29,-,-,-,-,-,-,-,-,-
Buona Vista,2021,9,30,-,-,-,-,-,-,-,-,-