﻿Station,Year,Month,Day,Daily Rainfall Total (mm),Highest 30 min Rainfall (mm),Highest 60 min Rainfall (mm),Highest 120 min Rainfall (mm),Mean Temperature (°C),Maximum Temperature (°C),Minimum Temperature (°C),Mean Wind Speed (km/h),Max Wind Speed (km/h)
Serangoon,2021,8,1,-,-,-,-,-,-,-,-,-
Serangoon,2021,8,2,     0.0,-,-,-,-,-,-,-,-
Serangoon,2021,8,3,-,-,-,-,-,-,-,-,-
Serangoon,2021,8,4,-,-,-,-,-,-,-,-,-
Serangoon,2021,8,5,     0.0,-,-,-,-,-,-,-,-
Serangoon,2021,8,6,     0.0,     0.0,     0.0,     0.0,-,-,-,-,-
Serangoon,2021,8,7,-,-,-,-,-,-,-,-,-
Serangoon,2021,8,8,-,-,-,-,-,-,-,-,-
Serangoon,2021,8,9,-,-,-,-,-,-,-,-,-
Serangoon,2021,8,10,-,-,-,-,-,-,-,-,-
Serangoon,2021,8,11,-,-,-,-,-,-,-,-,-
Serangoon,2021,8,12,-,-,-,-,-,-,-,-,-
Serangoon,2021,8,13,-,-,-,-,-,-,-,-,-
Serangoon,2021,8,14,-,-,-,-,-,-,-,-,-
Serangoon,2021,8,15,-,-,-,-,-,-,-,-,-
Serangoon,2021,8,16,-,-,-,-,-,-,-,-,-
Serangoon,2021,8,17,-,-,-,-,-,-,-,-,-
Serangoon,2021,8,18,-,-,-,-,-,-,-,-,-
Serangoon,2021,8,19,-,-,-,-,-,-,-,-,-
Serangoon,2021,8,20,-,-,-,-,-,-,-,-,-
Serangoon,2021,8,21,-,-,-,-,-,-,-,-,-
Serangoon,2021,8,22,-,-,-,-,-,-,-,-,-
Serangoon,2021,8,23,     0.0,-,-,-,-,-,-,-,-
Serangoon,2021,8,24,-,-,-,-,-,-,-,-,-
Serangoon,2021,8,25,-,-,-,-,-,-,-,-,-
Serangoon,2021,8,26,-,-,-,-,-,-,-,-,-
Serangoon,2021,8,27,-,-,-,-,-,-,-,-,-
Serangoon,2021,8,28,     0.0,-,-,-,-,-,-,-,-
Serangoon,2021,8,29,-,-,-,-,-,-,-,-,-
Serangoon,2021,8,30,-,-,-,-,-,-,-,-,-
Serangoon,2021,8,31,    17.0,    13.0,    15.5,    15.5,-,-,-,-,-