﻿Station,Year,Month,Day,Daily Rainfall Total (mm),Highest 30 min Rainfall (mm),Highest 60 min Rainfall (mm),Highest 120 min Rainfall (mm),Mean Temperature (°C),Maximum Temperature (°C),Minimum Temperature (°C),Mean Wind Speed (km/h),Max Wind Speed (km/h)
Lower Peirce Reservoir,2021,5,1,     2.2,     1.8,     1.8,     1.8,-,-,-,-,-
Lower Peirce Reservoir,2021,5,2,     0.0,     0.0,     0.0,     0.4,-,-,-,-,-
Lower Peirce Reservoir,2021,5,3,     0.0,     0.0,     0.0,     0.0,-,-,-,-,-
Lower Peirce Reservoir,2021,5,4,    17.0,    17.0,    17.0,    17.0,-,-,-,-,-
Lower Peirce Reservoir,2021,5,5,    56.0,    20.4,    27.8,    32.2,-,-,-,-,-
Lower Peirce Reservoir,2021,5,6,     8.2,     5.8,     5.8,     6.2,-,-,-,-,-
Lower Peirce Reservoir,2021,5,7,     0.0,     0.0,     0.0,     0.0,-,-,-,-,-
Lower Peirce Reservoir,2021,5,8,    15.2,    12.4,    14.4,    14.4,-,-,-,-,-
Lower Peirce Reservoir,2021,5,9,     8.8,     7.0,     8.8,     8.8,-,-,-,-,-
Lower Peirce Reservoir,2021,5,10,     0.2,     0.2,     0.2,     0.2,-,-,-,-,-
Lower Peirce Reservoir,2021,5,11,     1.0,     0.8,     0.8,     0.8,-,-,-,-,-
Lower Peirce Reservoir,2021,5,12,     8.2,     3.2,     3.4,     4.6,-,-,-,-,-
Lower Peirce Reservoir,2021,5,13,     7.6,     5.8,     7.6,     7.6,-,-,-,-,-
Lower Peirce Reservoir,2021,5,14,     0.8,     0.8,     0.8,     0.8,-,-,-,-,-
Lower Peirce Reservoir,2021,5,15,     0.0,     0.0,     0.0,     0.0,-,-,-,-,-
Lower Peirce Reservoir,2021,5,16,     0.2,     0.2,     0.2,     0.2,-,-,-,-,-
Lower Peirce Reservoir,2021,5,17,    20.6,     6.4,     6.4,     6.4,-,-,-,-,-
Lower Peirce Reservoir,2021,5,18,   107.0,    31.4,    43.6,    67.4,-,-,-,-,-
Lower Peirce Reservoir,2021,5,19,-,-,-,-,-,-,-,-,-
Lower Peirce Reservoir,2021,5,20,     0.0,-,-,-,-,-,-,-,-
Lower Peirce Reservoir,2021,5,21,    50.6,    26.0,    29.8,    49.0,-,-,-,-,-
Lower Peirce Reservoir,2021,5,22,-,-,-,-,-,-,-,-,-
Lower Peirce Reservoir,2021,5,23,     0.0,-,-,-,-,-,-,-,-
Lower Peirce Reservoir,2021,5,24,     0.2,     0.2,     0.2,     0.2,-,-,-,-,-
Lower Peirce Reservoir,2021,5,25,     0.0,     0.0,     0.2,     0.2,-,-,-,-,-
Lower Peirce Reservoir,2021,5,26,     0.0,     0.0,     0.0,     0.0,-,-,-,-,-
Lower Peirce Reservoir,2021,5,27,     4.2,     4.2,     4.2,     4.2,-,-,-,-,-
Lower Peirce Reservoir,2021,5,28,     0.0,     0.0,     0.0,     0.0,-,-,-,-,-
Lower Peirce Reservoir,2021,5,29,     0.6,     0.6,     0.6,     0.6,-,-,-,-,-
Lower Peirce Reservoir,2021,5,30,     0.0,     0.0,     0.0,     0.0,-,-,-,-,-
Lower Peirce Reservoir,2021,5,31,     4.0,     3.2,     3.8,     4.0,-,-,-,-,-