﻿Station,Year,Month,Day,Daily Rainfall Total (mm),Highest 30 min Rainfall (mm),Highest 60 min Rainfall (mm),Highest 120 min Rainfall (mm),Mean Temperature (°C),Maximum Temperature (°C),Minimum Temperature (°C),Mean Wind Speed (km/h),Max Wind Speed (km/h)
Upper Peirce Reservoir,2021,1,1,    85.2,    14.4,    26.6,    40.2,-,-,-,-,-
Upper Peirce Reservoir,2021,1,2,-,-,-,-,-,-,-,-,-
Upper Peirce Reservoir,2021,1,3,-,-,-,-,-,-,-,-,-
Upper Peirce Reservoir,2021,1,4,     0.2,-,-,-,-,-,-,-,-
Upper Peirce Reservoir,2021,1,5,     0.0,     0.0,     0.0,     0.0,-,-,-,-,-
Upper Peirce Reservoir,2021,1,6,     0.0,     0.0,     0.0,     0.0,-,-,-,-,-
Upper Peirce Reservoir,2021,1,7,     2.4,     1.2,     1.4,     1.4,-,-,-,-,-
Upper Peirce Reservoir,2021,1,8,     6.6,     3.4,     3.4,     3.4,-,-,-,-,-
Upper Peirce Reservoir,2021,1,9,    23.0,    10.8,    13.6,    15.2,-,-,-,-,-
Upper Peirce Reservoir,2021,1,10,-,-,-,-,-,-,-,-,-
Upper Peirce Reservoir,2021,1,11,-,-,-,-,-,-,-,-,-
Upper Peirce Reservoir,2021,1,12,    18.6,     9.6,    11.0,    11.0,-,-,-,-,-
Upper Peirce Reservoir,2021,1,13,     2.4,     1.2,     1.2,     1.8,-,-,-,-,-
Upper Peirce Reservoir,2021,1,14,     0.0,     0.0,     0.0,     0.0,-,-,-,-,-
Upper Peirce Reservoir,2021,1,15,     0.0,     0.0,     0.0,     0.0,-,-,-,-,-
Upper Peirce Reservoir,2021,1,16,     0.0,     0.0,     0.0,     0.0,-,-,-,-,-
Upper Peirce Reservoir,2021,1,17,     0.0,     0.0,     0.0,     0.0,-,-,-,-,-
Upper Peirce Reservoir,2021,1,18,     0.0,     0.0,     0.0,     0.0,-,-,-,-,-
Upper Peirce Reservoir,2021,1,19,     0.0,     0.0,     0.0,     0.0,-,-,-,-,-
Upper Peirce Reservoir,2021,1,20,     0.0,     0.0,     0.0,     0.0,-,-,-,-,-
Upper Peirce Reservoir,2021,1,21,    31.0,    25.8,    27.0,    27.2,-,-,-,-,-
Upper Peirce Reservoir,2021,1,22,    31.4,    28.8,    30.8,    31.2,-,-,-,-,-
Upper Peirce Reservoir,2021,1,23,    49.8,    41.4,    48.8,    49.6,-,-,-,-,-
Upper Peirce Reservoir,2021,1,24,     0.0,     0.0,     0.0,     0.0,-,-,-,-,-
Upper Peirce Reservoir,2021,1,25,     0.6,     0.4,     0.6,     0.6,-,-,-,-,-
Upper Peirce Reservoir,2021,1,26,     0.0,     0.0,     0.0,     0.0,-,-,-,-,-
Upper Peirce Reservoir,2021,1,27,     1.4,     0.8,     0.8,     1.0,-,-,-,-,-
Upper Peirce Reservoir,2021,1,28,     3.8,     1.6,     2.2,     3.2,-,-,-,-,-
Upper Peirce Reservoir,2021,1,29,     0.0,     0.0,     0.0,     0.0,-,-,-,-,-
Upper Peirce Reservoir,2021,1,30,     0.0,     0.0,     0.0,     0.0,-,-,-,-,-
Upper Peirce Reservoir,2021,1,31,     0.0,     0.0,     0.0,     0.0,-,-,-,-,-