﻿Station,Year,Month,Day,Daily Rainfall Total (mm),Highest 30 min Rainfall (mm),Highest 60 min Rainfall (mm),Highest 120 min Rainfall (mm),Mean Temperature (°C),Maximum Temperature (°C),Minimum Temperature (°C),Mean Wind Speed (km/h),Max Wind Speed (km/h)
Pasir Ris (West),2021,5,1,-,-,-,-,-,-,-,-,-
Pasir Ris (West),2021,5,2,-,-,-,-,-,-,-,-,-
Pasir Ris (West),2021,5,3,-,-,-,-,-,-,-,-,-
Pasir Ris (West),2021,5,4,-,-,-,-,-,-,-,-,-
Pasir Ris (West),2021,5,5,-,-,-,-,-,-,-,-,-
Pasir Ris (West),2021,5,6,-,-,-,-,-,-,-,-,-
Pasir Ris (West),2021,5,7,-,-,-,-,-,-,-,-,-
Pasir Ris (West),2021,5,8,-,-,-,-,-,-,-,-,-
Pasir Ris (West),2021,5,9,-,-,-,-,-,-,-,-,-
Pasir Ris (West),2021,5,10,-,-,-,-,-,-,-,-,-
Pasir Ris (West),2021,5,11,-,-,-,-,-,-,-,-,-
Pasir Ris (West),2021,5,12,-,-,-,-,-,-,-,-,-
Pasir Ris (West),2021,5,13,-,-,-,-,-,-,-,-,-
Pasir Ris (West),2021,5,14,-,-,-,-,-,-,-,-,-
Pasir Ris (West),2021,5,15,-,-,-,-,-,-,-,-,-
Pasir Ris (West),2021,5,16,-,-,-,-,-,-,-,-,-
Pasir Ris (West),2021,5,17,-,-,-,-,-,-,-,-,-
Pasir Ris (West),2021,5,18,-,-,-,-,-,-,-,-,-
Pasir Ris (West),2021,5,19,-,-,-,-,-,-,-,-,-
Pasir Ris (West),2021,5,20,-,-,-,-,-,-,-,-,-
Pasir Ris (West),2021,5,21,-,-,-,-,-,-,-,-,-
Pasir Ris (West),2021,5,22,-,-,-,-,-,-,-,-,-
Pasir Ris (West),2021,5,23,-,-,-,-,-,-,-,-,-
Pasir Ris (West),2021,5,24,-,-,-,-,-,-,-,-,-
Pasir Ris (West),2021,5,25,-,-,-,-,-,-,-,-,-
Pasir Ris (West),2021,5,26,-,-,-,-,-,-,-,-,-
Pasir Ris (West),2021,5,27,-,-,-,-,-,-,-,-,-
Pasir Ris (West),2021,5,28,-,-,-,-,-,-,-,-,-
Pasir Ris (West),2021,5,29,-,-,-,-,-,-,-,-,-
Pasir Ris (West),2021,5,30,-,-,-,-,-,-,-,-,-
Pasir Ris (West),2021,5,31,-,-,-,-,-,-,-,-,-