﻿Station,Year,Month,Day,Daily Rainfall Total (mm),Highest 30 min Rainfall (mm),Highest 60 min Rainfall (mm),Highest 120 min Rainfall (mm),Mean Temperature (°C),Maximum Temperature (°C),Minimum Temperature (°C),Mean Wind Speed (km/h),Max Wind Speed (km/h)
Pasir Ris (West),2021,6,1,-,-,-,-,-,-,-,-,-
Pasir Ris (West),2021,6,2,-,-,-,-,-,-,-,-,-
Pasir Ris (West),2021,6,3,-,-,-,-,-,-,-,-,-
Pasir Ris (West),2021,6,4,-,-,-,-,-,-,-,-,-
Pasir Ris (West),2021,6,5,-,-,-,-,-,-,-,-,-
Pasir Ris (West),2021,6,6,-,-,-,-,-,-,-,-,-
Pasir Ris (West),2021,6,7,-,-,-,-,-,-,-,-,-
Pasir Ris (West),2021,6,8,-,-,-,-,-,-,-,-,-
Pasir Ris (West),2021,6,9,-,-,-,-,-,-,-,-,-
Pasir Ris (West),2021,6,10,-,-,-,-,-,-,-,-,-
Pasir Ris (West),2021,6,11,-,-,-,-,-,-,-,-,-
Pasir Ris (West),2021,6,12,-,-,-,-,-,-,-,-,-
Pasir Ris (West),2021,6,13,-,-,-,-,-,-,-,-,-
Pasir Ris (West),2021,6,14,-,-,-,-,-,-,-,-,-
Pasir Ris (West),2021,6,15,-,-,-,-,-,-,-,-,-
Pasir Ris (West),2021,6,16,-,-,-,-,-,-,-,-,-
Pasir Ris (West),2021,6,17,-,-,-,-,-,-,-,-,-
Pasir Ris (West),2021,6,18,-,-,-,-,-,-,-,-,-
Pasir Ris (West),2021,6,19,-,-,-,-,-,-,-,-,-
Pasir Ris (West),2021,6,20,-,-,-,-,-,-,-,-,-
Pasir Ris (West),2021,6,21,-,-,-,-,-,-,-,-,-
Pasir Ris (West),2021,6,22,-,-,-,-,-,-,-,-,-
Pasir Ris (West),2021,6,23,-,-,-,-,-,-,-,-,-
Pasir Ris (West),2021,6,24,-,-,-,-,-,-,-,-,-
Pasir Ris (West),2021,6,25,-,-,-,-,-,-,-,-,-
Pasir Ris (West),2021,6,26,-,-,-,-,-,-,-,-,-
Pasir Ris (West),2021,6,27,-,-,-,-,-,-,-,-,-
Pasir Ris (West),2021,6,28,-,-,-,-,-,-,-,-,-
Pasir Ris (West),2021,6,29,-,-,-,-,-,-,-,-,-
Pasir Ris (West),2021,6,30,-,-,-,-,-,-,-,-,-